Model,Test Accuracy,Test Loss,Precision,Recall,F1-Score
Custom_CNN,0.8237179517745972,0.36967888474464417,0.8004291845493562,0.9564102564102565,0.8714953271028038
VGG16,0.7900640964508057,0.4692418873310089,0.7626774847870182,0.9641025641025641,0.8516421291053228
ResNet50,0.625,0.626197338104248,0.625,1.0,0.7692307692307693
